1/1/10,35.93
1/2/10,25.05
1/3/10,19.46071429
1/4/10,23.37916667
1/5/10,25.35833333
1/6/10,28.81153846
1/7/10,32.79032258
1/8/10,29.62
1/9/10,23.2625
1/10/10,21.20416667
1/11/10,26.80416667
1/12/10,29.28333333
1/13/10,29.60416667
1/14/10,35.34583333
1/15/10,41.74166667
1/16/10,43.19166667
1/17/10,37.51891892
1/18/10,41.86875
1/19/10,43.66296296
1/20/10,36.67
1/21/10,35.86666667
1/22/10,37.4375
1/23/10,33.89583333
1/24/10,39.47560976
1/25/10,53.57142857
1/26/10,41.08461538
1/27/10,34.375
1/28/10,32.68
1/29/10,19.03333333
1/30/10,16.95
1/31/10,22.225
2/1/10,29.69583333
2/2/10,30.46666667
2/3/10,31.07179487
2/4/10,32.27916667
2/5/10,32.97083333
2/6/10,26.26944444
2/7/10,24.07083333
2/8/10,29.17916667
2/9/10,34.36428571
2/10/10,31.93333333
2/11/10,32.00833333
2/12/10,30.83333333
2/13/10,27.95833333
2/14/10,32.7375
2/15/10,32.05882353
2/16/10,31.77906977
2/17/10,30.88333333
2/18/10,36.14166667
2/19/10,39.1625
2/20/10,39.16923077
2/21/10,39.2625
2/22/10,36.928
2/23/10,36.06888889
2/24/10,38.55510204
2/25/10,33.18085106
2/26/10,29.99285714
2/27/10,33.85625
2/28/10,36.42413793
3/1/10,40.85833333
3/2/10,40.27692308
3/3/10,37.55625
3/4/10,40.45416667
3/5/10,39.752
3/6/10,42.78333333
3/7/10,47.29583333
3/8/10,51.125
3/9/10,52.79166667
3/10/10,49.78333333
3/11/10,46.02413793
3/12/10,41.53823529
3/13/10,42.24375
3/14/10,45.871875
3/15/10,43.18387097
3/16/10,51.44
3/17/10,54.6
3/18/10,58.62083333
3/19/10,60.67916667
3/20/10,63.81666667
3/21/10,56.7625
3/22/10,53.46923077
3/23/10,49.63076923
3/24/10,50.64
3/25/10,56.22916667
3/26/10,42.59393939
3/27/10,34.77916667
3/28/10,42.72903226
3/29/10,51.20882353
3/30/10,43.73650794
3/31/10,49.58648649
4/1/10,55.59583333
4/2/10,55.77083333
4/3/10,52.5962963
4/4/10,58.975
4/5/10,66.39166667
4/6/10,66.825
4/7/10,75.46666667
4/8/10,71.65
4/9/10,56.540625
4/10/10,50.95833333
4/11/10,62.80833333
4/12/10,58.5375
4/13/10,52.32083333
4/14/10,55.66666667
4/15/10,59.8826087
4/16/10,49.959375
4/17/10,48.24318182
4/18/10,49.3625
4/19/10,53.9125
4/20/10,58.875
4/21/10,58.69583333
4/22/10,58.10384615
4/23/10,56.52083333
4/24/10,56.90833333
4/25/10,47.73272727
4/26/10,-5931.292857
4/27/10,49.615
4/28/10,47.99166667
4/29/10,57.6875
4/30/10,65.85833333
5/1/10,71.27916667
5/2/10,77.79166667
5/3/10,70.5125
5/4/10,70.3952381
5/5/10,68.12916667
5/6/10,68.1
5/7/10,61.075
5/8/10,61.78888889
5/9/10,47.9125
5/10/10,50.45833333
5/11/10,50.15217391
5/12/10,46.03953488
5/13/10,54.4
5/14/10,65.76666667
5/15/10,66.59166667
5/16/10,62.925
5/17/10,64.63333333
5/18/10,52.31395349
5/19/10,56.56666667
5/20/10,67.7125
5/21/10,71.86666667
5/22/10,65.092
5/23/10,63.371875
5/24/10,65.9969697
5/25/10,70.44583333
5/26/10,79.8625
5/27/10,68.59354839
5/28/10,63.2375
5/29/10,68.309375
5/30/10,75.99583333
5/31/10,75.975
6/1/10,75.13076923
6/2/10,75.2125
6/3/10,77.47692308
6/4/10,79.35416667
6/5/10,81.24166667
6/6/10,77.66956522
6/7/10,66.40909091
6/8/10,65.85833333
6/9/10,59.44444444
6/10/10,64.37608696
6/11/10,64.1
6/12/10,68.025
6/13/10,69.36792453
6/14/10,67.67272727
6/15/10,70.925
6/16/10,69.6962963
6/17/10,69.85555556
6/18/10,72.44583333
6/19/10,72.30833333
6/20/10,79.45833333
6/21/10,79.98333333
6/22/10,74.86571429
6/23/10,80.425
6/24/10,83.34583333
6/25/10,77.74166667
6/26/10,79.37916667
6/27/10,82.05
6/28/10,84.01666667
6/29/10,81.41666667
6/30/10,70.37916667
7/1/10,69.2
7/2/10,71.05833333
7/3/10,77.17083333
7/4/10,85.325
7/5/10,86.90416667
7/6/10,91.27916667
7/7/10,87.58333333
7/8/10,80.02285714
7/9/10,79.28536585
7/10/10,77.95428571
7/11/10,79.66153846
7/12/10,81.1125
7/13/10,77.71090909
7/14/10,75.29814815
7/15/10,77.04666667
7/16/10,81.77586207
7/17/10,84.02916667
7/18/10,85.14583333
7/19/10,79.61290323
7/20/10,80.90833333
7/21/10,83.3625
7/22/10,80.94166667
7/23/10,78.2
7/24/10,87.08636364
7/25/10,78.80322581
7/26/10,77.34166667
7/27/10,80.02083333
7/28/10,81.43333333
7/29/10,80.35151515
7/30/10,75.53333333
7/31/10,73.59166667
8/1/10,73.58333333
8/2/10,75.44
8/3/10,77.3
8/4/10,81.896
8/5/10,83.91071429
8/6/10,81.37916667
8/7/10,75.55
8/8/10,78.44166667
8/9/10,82.07083333
8/10/10,83.5125
8/11/10,82.425
8/12/10,72.66296296
8/13/10,72.85
8/14/10,72.04583333
8/15/10,71.62424242
8/16/10,75.825
8/17/10,81.2875
8/18/10,77.60833333
8/19/10,78.72173913
8/20/10,80.95416667
8/21/10,75.05925926
8/22/10,74.53421053
8/23/10,68.12745098
8/24/10,67.04444444
8/25/10,66.48947368
8/26/10,72.78846154
8/27/10,70.24583333
8/28/10,72.49583333
8/29/10,80.00833333
8/30/10,81.37916667
8/31/10,85.375
9/1/10,85.07916667
9/2/10,84.79166667
9/3/10,80.01071429
9/4/10,74.676
9/5/10,68.1625
9/6/10,69.69166667
9/7/10,76.82083333
9/8/10,77.96666667
9/9/10,65.65833333
9/10/10,66.01666667
9/11/10,67.64615385
9/12/10,62.87631579
9/13/10,63.89302326
9/14/10,66.80909091
9/15/10,63.96666667
9/16/10,66.14594595
9/17/10,66.25428571
9/18/10,63.34242424
9/19/10,69.576
9/20/10,66.31153846
9/21/10,63.95416667
9/22/10,72.704
9/23/10,70.8375
9/24/10,73.27333333
9/25/10,79.70416667
9/26/10,67.632
9/27/10,66.452
9/28/10,71.44418605
9/29/10,70.15416667
9/30/10,72.025
10/1/10,-2214.567925
10/2/10,-3292.654167
10/3/10,56.28333333
10/4/10,53.47333333
10/5/10,57.05555556
10/6/10,58.05
10/7/10,60.24444444
10/8/10,63.5875
10/9/10,64.19166667
10/10/10,58.86666667
10/11/10,63.86857143
10/12/10,61.54666667
10/13/10,55.54583333
10/14/10,54.80512821
10/15/10,52.32790698
10/16/10,54.09166667
10/17/10,57.85833333
10/18/10,54.35833333
10/19/10,53.06206897
10/20/10,53.7875
10/21/10,53.31470588
10/22/10,48.62083333
10/23/10,55.20416667
10/24/10,59.90833333
10/25/10,61.47222222
10/26/10,66.64193548
10/27/10,69.8625
10/28/10,66.49705882
10/29/10,52.39166667
10/30/10,49.7625
10/31/10,50.33333333
11/1/10,41.925
11/2/10,42.825
11/3/10,47.212
11/4/10,48.09583333
11/5/10,47.82631579
11/6/10,45.08333333
11/7/10,43.15416667
11/8/10,42.5037037
11/9/10,47.75
11/10/10,49.97083333
11/11/10,48.27916667
11/12/10,52.98333333
11/13/10,54.75416667
11/14/10,52.48461538
11/15/10,53.625
11/16/10,54.25087719
11/17/10,57.36129032
11/18/10,49.8125
11/19/10,43.55833333
11/20/10,47.7
11/21/10,43.63846154
11/22/10,55.02068966
11/23/10,56.76666667
11/24/10,44.5375
11/25/10,40.92758621
11/26/10,47.22631579
11/27/10,38.51666667
11/28/10,40.28333333
11/29/10,42.09583333
11/30/10,50.81764706
12/1/10,54.33478261
12/2/10,37.35454545
12/3/10,36.35217391
12/4/10,34.85
12/5/10,32.21111111
12/6/10,32.1875
12/7/10,32.90833333
12/8/10,30.4
12/9/10,26.39583333
12/10/10,30.52692308
12/11/10,40.1125
12/12/10,48.51206897
12/13/10,38.27346939
12/14/10,20.27096774
12/15/10,23.97083333
12/16/10,26.5125
12/17/10,29.675
12/18/10,31.75
12/19/10,32.26666667
12/20/10,30.475
12/21/10,32.04583333
12/22/10,32.13076923
12/23/10,32.2875
12/24/10,32.49583333
12/25/10,29.0375
12/26/10,25.04705882
12/27/10,23.33939394
12/28/10,31.27692308
12/29/10,33.86153846
12/30/10,34.20833333
12/31/10,40.75416667
1/1/11,46.092
1/2/11,47.03333333
1/3/11,31.70416667
1/4/11,34.95833333
1/5/11,34.4375
1/6/11,29.79565217
1/7/11,31.13170732
1/8/11,26.88965517
1/9/11,28.15
1/10/11,28.65
1/11/11,27.06666667
1/12/11,26.02051282
1/13/11,24.275
1/14/11,23.28333333
1/15/11,30.8125
1/16/11,31.5625
1/17/11,23.82083333
1/18/11,31.9755102
1/19/11,37.54
1/20/11,31.328
1/21/11,27.14102564
1/22/11,18.7
1/23/11,18.3875
1/24/11,14.14583333
1/25/11,30.03589744
1/26/11,31.00980392
1/27/11,31.88787879
1/28/11,31.92
1/29/11,31.18529412
1/30/11,32.60833333
1/31/11,26.6625
2/1/11,27.075
2/2/11,31.84590164
2/3/11,29.0375
2/4/11,29.0375
2/5/11,35.4375
2/6/11,40.1125
2/7/11,39.45172414
2/8/11,34.60555556
2/9/11,22.97083333
2/10/11,25.24166667
2/11/11,28.79583333
2/12/11,33.84615385
2/13/11,37.95833333
2/14/11,47.325
2/15/11,30.425
2/16/11,38.425
2/17/11,52.84583333
2/18/11,57.68333333
2/19/11,37.3125
2/20/11,30.575
2/21/11,30.30681818
2/22/11,25.60416667
2/23/11,30.6125
2/24/11,38.16923077
2/25/11,44.79482759
2/26/11,36.10833333
2/27/11,42.74285714
2/28/11,48.0975
3/1/11,38.75416667
3/2/11,40.0875
3/3/11,26.45833333
3/4/11,35.052
3/5/11,49.06451613
3/6/11,52.42063492
3/7/11,41.42631579
3/8/11,37.59130435
3/9/11,38.164
3/10/11,47.39285714
3/11/11,49.63636364
3/12/11,46.852
3/13/11,46.67916667
3/14/11,41.1125
3/15/11,40.14242424
3/16/11,44.26315789
3/17/11,53.54
3/18/11,62.29166667
3/19/11,47.27826087
3/20/11,40.66666667
3/21/11,40.07058824
3/22/11,44.025
3/23/11,34.82131148
3/24/11,34.58823529
3/25/11,34.27083333
3/26/11,31.99583333
3/27/11,34.325
3/28/11,35.4625
3/29/11,39.50434783
3/30/11,42.81904762
3/31/11,39.46969697
4/1/11,38.9225
4/2/11,46.75
4/3/11,50
4/4/11,51.7625
4/5/11,51.66969697
4/6/11,44.63846154
4/7/11,44.88787879
4/8/11,44.94642857
4/9/11,47.21923077
4/10/11,51.17777778
4/11/11,62.60333333
4/12/11,54.67647059
4/13/11,46.23877551
4/14/11,57.06923077
4/15/11,48.50416667
4/16/11,48.18409091
4/17/11,55.15625
4/18/11,53.44347826
4/19/11,50.1962963
4/20/11,50.48055556
4/21/11,53.63333333
4/22/11,44.83043478
4/23/11,51.29318182
4/24/11,65.86388889
4/25/11,61.33125
4/26/11,64.97586207
4/27/11,66.35294118
4/28/11,64.44901961
4/29/11,62.47916667
4/30/11,57.55416667
5/1/11,57.225
5/2/11,55.81666667
5/3/11,62.47916667
5/4/11,52.57777778
5/5/11,55.625
5/6/11,60.70833333
5/7/11,61.575
5/8/11,62.52083333
5/9/11,62.32083333
5/10/11,61.3625
5/11/11,60.10833333
5/12/11,60.28333333
5/13/11,58.6625
5/14/11,60.07741935
5/15/11,61.35925926
5/16/11,-1701.4925
5/17/11,55.89
5/18/11,59.42769231
5/19/11,63.77446809
5/20/11,60.12777778
5/21/11,61.60238095
5/22/11,56.50285714
5/23/11,60.83870968
5/24/11,72.73666667
5/25/11,72.87916667
5/26/11,70.28571429
5/27/11,71.61111111
5/28/11,74.21818182
5/29/11,74.24615385
5/30/11,77.23448276
5/31/11,77.52916667
6/1/11,79.7125
6/2/11,72.325
6/3/11,66.37083333
6/4/11,65.80416667
6/5/11,62.404
6/6/11,71.12083333
6/7/11,77.95833333
6/8/11,83.9
6/9/11,82.592
6/10/11,76.8
6/11/11,64.09473684
6/12/11,65.34324324
6/13/11,64.31025641
6/14/11,63.46388889
6/15/11,69.70416667
6/16/11,72.63043478
6/17/11,66.49428571
6/18/11,69.93414634
6/19/11,74.825
6/20/11,72.43333333
6/21/11,75.525
6/22/11,73.74736842
6/23/11,69.27592593
6/24/11,66.85744681
6/25/11,69.91794872
6/26/11,72.64583333
6/27/11,73.64583333
6/28/11,76.73076923
6/29/11,75.0875
6/30/11,73.70434783
7/1/11,73.67083333
7/2/11,76.15833333
7/3/11,71.67962963
7/4/11,76.29032258
7/5/11,79.075
7/6/11,80.12083333
7/7/11,80.20833333
7/8/11,74.89444444
7/9/11,74.21315789
7/10/11,77.19166667
7/11/11,81.70416667
7/12/11,85.27916667
7/13/11,77.86785714
7/14/11,72.25833333
7/15/11,75.65833333
7/16/11,79.1625
7/17/11,80.84166667
7/18/11,80.70294118
7/19/11,81.6037037
7/20/11,80.57083333
7/21/11,84.37586207
7/22/11,93.20833333
7/23/11,89.90416667
7/24/11,83.98846154
7/25/11,73.75
7/26/11,76.41666667
7/27/11,76.625
7/28/11,78.68333333
7/29/11,75.46666667
7/30/11,81.7375
7/31/11,-1276.926866
8/1/11,80.08333333
8/2/11,81.65833333
8/3/11,72.64146341
8/4/11,73.35714286
8/5/11,76.55833333
8/6/11,75.00625
8/7/11,78.01891892
8/8/11,80.68333333
8/9/11,75.02105263
8/10/11,77.44166667
8/11/11,75.3
8/12/11,74.24166667
8/13/11,76.3375
8/14/11,69.10652174
8/15/11,70.85744681
8/16/11,69.14864865
8/17/11,76.35833333
8/18/11,74.472
8/19/11,71.27027027
8/20/11,70.26428571
8/21/11,73.99555556
8/22/11,71.55666667
8/23/11,70.28333333
8/24/11,72.65
8/25/11,-405.6809524
8/26/11,75.125
8/27/11,74.14852941
8/28/11,71.65178571
8/29/11,68.32083333
8/30/11,70.7625
8/31/11,73.7
9/1/11,72.43043478
9/2/11,69.80833333
9/3/11,73.99583333
9/4/11,77.076
9/5/11,75.48888889
9/6/11,62.26111111
9/7/11,64.83269231
9/8/11,68.30232558
9/9/11,73.1
9/10/11,72.91666667
9/11/11,67.20666667
9/12/11,71.29666667
9/13/11,75.05833333
9/14/11,76.44166667
9/15/11,67.14242424
9/16/11,57.89583333
9/17/11,57.85833333
9/18/11,60.188
9/19/11,59.34230769
9/20/11,64.05128205
9/21/11,68.1
9/22/11,-138.6125
9/23/11,70.78703704
9/24/11,-167.5952381
9/25/11,73.575
9/26/11,73.376
9/27/11,71.96976744
9/28/11,71.06388889
9/29/11,68.42291667
9/30/11,64.2969697
10/1/11,58.64473684
10/2/11,54.059375
10/3/11,51.78611111
10/4/11,56.45172414
10/5/11,62.37083333
10/6/11,56.71666667
10/7/11,56.79166667
10/8/11,64.775
10/9/11,70.60416667
10/10/11,71.55833333
10/11/11,67.025
10/12/11,-253.925
10/13/11,-147.44375
10/14/11,65.67560976
10/15/11,59.00416667
10/16/11,60.45416667
10/17/11,61.05
10/18/11,-358.8791667
10/19/11,61.03461538
10/20/11,-325.0269231
10/21/11,53.41666667
10/22/11,52.58181818
10/23/11,53.96190476
10/24/11,56.755
10/25/11,56.37391304
10/26/11,56.64583333
10/27/11,49.80666667
10/28/11,42.25555556
10/29/11,36.41860465
10/30/11,38.56896552
10/31/11,45.525
11/1/11,48.9625
11/2/11,48.88333333
11/3/11,52.89166667
11/4/11,49.31666667
11/5/11,42.57916667
11/6/11,46.58333333
11/7/11,53.40416667
11/8/11,59.25
11/9/11,56.43125
11/10/11,56.86666667
11/11/11,44.72857143
11/12/11,48.25833333
11/13/11,54.9
11/14/11,61.48695652
11/15/11,62.29
11/16/11,56.19318182
11/17/11,45.00714286
11/18/11,40.50833333
11/19/11,45.925
11/20/11,56.34166667
11/21/11,51.75185185
11/22/11,46.46222222
11/23/11,47.44318182
11/24/11,45.36923077
11/25/11,53.10416667
11/26/11,57
11/27/11,55.625
11/28/11,62.37916667
11/29/11,59.48723404
11/30/11,47.85454545
12/1/11,43.55833333
12/2/11,45.47083333
12/3/11,41.9625
12/4/11,49.44102564
12/5/11,51.87111111
12/6/11,60.51333333
12/7/11,52.40985915
12/8/11,40.28928571
12/9/11,44.65384615
12/10/11,39.375
12/11/11,34.475
12/12/11,38.16666667
12/13/11,39.47083333
12/14/11,44.67931034
12/15/11,53.55833333
12/16/11,47.3
12/17/11,36.23888889
12/18/11,27.5625
12/19/11,40.512
12/20/11,44.33076923
12/21/11,52.54358974
12/22/11,53.59583333
12/23/11,45.32439024
12/24/11,32.425
12/25/11,39.94583333
12/26/11,41.8875
12/27/11,49.31904762
12/28/11,40.19565217
12/29/11,30.79166667
12/30/11,45.31666667
12/31/11,50.525
1/1/12,47.64583333
1/2/12,38.94583333
1/3/12,24.97916667
1/4/12,20.68695652
1/5/12,33.40869565
1/6/12,44.80833333
1/7/12,52.99583333
1/8/12,-360.736
1/9/12,35.55416667
1/10/12,40.36086957
1/11/12,42.35862069
1/12/12,43.19607843
1/13/12,38.30285714
1/14/12,29.62916667
1/15/12,20.00416667
1/16/12,26.48333333
1/17/12,42.19444444
1/18/12,36.78333333
1/19/12,28.73333333
1/20/12,29.4826087
1/21/12,-188.2787234
1/22/12,26.32222222
1/23/12,43.10588235
1/24/12,47.55666667
1/25/12,39.64347826
1/26/12,36.93225806
1/27/12,49.652
1/28/12,40.78
1/29/12,39.17916667
1/30/12,37.04166667
1/31/12,55.1
2/1/12,55.09583333
2/2/12,-359.552
2/3/12,37.12173913
2/4/12,41.0625
2/5/12,35.25
2/6/12,41.58333333
2/7/12,42.7875
2/8/12,32.975
2/9/12,36.916
2/10/12,-362.328
2/11/12,34.83846154
2/12/12,27.57407407
2/13/12,35.80454545
2/14/12,41.15416667
2/15/12,42.45714286
2/16/12,-238.1583333
2/17/12,44.98709677
2/18/12,40.73461538
2/19/12,38.95416667
2/20/12,37.18333333
2/21/12,40.45833333
2/22/12,49.29583333
2/23/12,51.0375
2/24/12,40.19333333
2/25/12,39.94782609
2/26/12,35.38214286
2/27/12,46.31428571
2/28/12,43.104
2/29/12,39.44318182
3/1/12,38.96052632
3/2/12,37.47083333
3/3/12,47.98214286
3/4/12,40.70833333
3/5/12,35.40416667
3/6/12,34.37083333
3/7/12,49.81666667
3/8/12,61.175
3/9/12,43.72692308
3/10/12,36.02083333
3/11/12,47.725
3/12/12,57.0125
3/13/12,63.67083333
3/14/12,63.73913043
3/15/12,46.28928571
3/16/12,46.17419355
3/17/12,51.94333333
3/18/12,50.8862069
3/19/12,63.05454545
3/20/12,61.11190476
3/21/12,59.38596491
3/22/12,61.68
3/23/12,66.0875
3/24/12,57.9125
3/25/12,47.85666667
3/26/12,47.736
3/27/12,40.74583333
3/28/12,54.77916667
3/29/12,51.37826087
3/30/12,-355.444
3/31/12,-474.4461538
4/1/12,46.04857143
4/2/12,47.275
4/3/12,52.25416667
4/4/12,58.65416667
4/5/12,48.87083333
4/6/12,47.33043478
4/7/12,50.49583333
4/8/12,55.92083333
4/9/12,55.7625
4/10/12,52.49166667
4/11/12,47.40833333
4/12/12,50.7375
4/13/12,54.05652174
4/14/12,61.40833333
4/15/12,67.88461538
4/16/12,74.3826087
4/17/12,71.62173913
4/18/12,55.265
4/19/12,-330.5115385
4/20/12,60.83076923
4/21/12,61.00645161
4/22/12,49.01025641
4/23/12,50.11818182
4/24/12,48.12
4/25/12,53.02083333
4/26/12,53.35945946
4/27/12,48.475
4/28/12,48.93913043
4/29/12,53.35416667
4/30/12,52.0375
5/1/12,56.72619048
5/2/12,51.245
5/3/12,52.92142857
5/4/12,59.04318182
5/5/12,58.26571429
5/6/12,57.95862069
5/7/12,57.14137931
5/8/12,59.5
5/9/12,64.07
5/10/12,57.28888889
5/11/12,59.50416667
5/12/12,66.375
5/13/12,71.16086957
5/14/12,66.412
5/15/12,62.66904762
5/16/12,66.9627907
5/17/12,63.37916667
5/18/12,61.47916667
5/19/12,64.8625
5/20/12,67.3625
5/21/12,59.46037736
5/22/12,63.75641026
5/23/12,67.88
5/24/12,64.34
5/25/12,66.19512195
5/26/12,73.76956522
5/27/12,72.55416667
5/28/12,77.6875
5/29/12,79.575
5/30/12,71.51304348
5/31/12,72.24583333
6/1/12,65.41153846
6/2/12,66.02682927
6/3/12,64.90416667
6/4/12,58.00810811
6/5/12,57.36
6/6/12,64.115
6/7/12,66.4875
6/8/12,71.12916667
6/9/12,71.73333333
6/10/12,72.84166667
6/11/12,69.212
6/12/12,66.79615385
6/13/12,65.728
6/14/12,67.08823529
6/15/12,69.128
6/16/12,67.836
6/17/12,64.3875
6/18/12,62.64705882
6/19/12,67.01304348
6/20/12,82.60434783
6/21/12,87
6/22/12,77.34137931
6/23/12,74.98888889
6/24/12,74.74545455
6/25/12,67.271875
6/26/12,65.32083333
6/27/12,72.5375
6/28/12,78.81666667
6/29/12,80.078125
6/30/12,85.03043478
7/1/12,83.625
7/2/12,79.82083333
7/3/12,80.34782609
7/4/12,82.77916667
7/5/12,85.82
7/6/12,82.09583333
7/7/12,84.408
7/8/12,77.91142857
7/9/12,77.57083333
7/10/12,76.77826087
7/11/12,76.71923077
7/12/12,77.79166667
7/13/12,79.24583333
7/14/12,78.16956522
7/15/12,-246.5612903
7/16/12,80.49166667
7/17/12,85.37916667
7/18/12,78.97804878
7/19/12,73.14642857
7/20/12,64.59038462
7/21/12,69.09583333
7/22/12,73.08333333
7/23/12,75.57333333
7/24/12,81.45
7/25/12,76.276
7/26/12,74.91764706
7/27/12,78.996
7/28/12,72.58222222
7/29/12,71.76470588
7/30/12,73.03636364
7/31/12,73.025
8/1/12,72.236
8/2/12,-308.9846154
8/3/12,81.65833333
8/4/12,81.07037037
8/5/12,79.9
8/6/12,-228.2060606
8/7/12,75.052
8/8/12,77.6037037
8/9/12,78.88148148
8/10/12,76.58717949
8/11/12,79.416
8/12/12,77.62068966
8/13/12,76.568
8/14/12,75.72592593
8/15/12,72.27631579
8/16/12,72.23888889
8/17/12,77.44230769
8/18/12,68.60555556
8/19/12,68.72916667
8/20/12,71.5125
8/21/12,73.196
8/22/12,74
8/23/12,75.55416667
8/24/12,77.54166667
8/25/12,76.43333333
8/26/12,73.50769231
8/27/12,74.35102041
8/28/12,77.27647059
8/29/12,72.40833333
8/30/12,72.61666667
8/31/12,79.932
9/1/12,80.56666667
9/2/12,74.79411765
9/3/12,73.3972973
9/4/12,73.288
9/5/12,76.31714286
9/6/12,73.925
9/7/12,78.7826087
9/8/12,74.29230769
9/9/12,68.57826087
9/10/12,64.96363636
9/11/12,63.25
9/12/12,68.95
9/13/12,-349.5541667
9/14/12,70.925
9/15/12,66.49565217
9/16/12,65.10833333
9/17/12,67.04782609
9/18/12,-316.9153846
9/19/12,63.75
9/20/12,-297.7464286
9/21/12,64.49310345
9/22/12,67.64137931
9/23/12,61.85416667
9/24/12,59.0125
9/25/12,62.9125
9/26/12,68.3625
9/27/12,68.44615385
9/28/12,65.22181818
9/29/12,60.1862069
9/30/12,59.33333333
10/1/12,61.41666667
10/2/12,63.37804878
10/3/12,68.08823529
10/4/12,70.32619048
10/5/12,69.17083333
10/6/12,65.4875
10/7/12,50.91153846
10/8/12,50.05833333
10/9/12,53.99090909
10/10/12,57.48888889
10/11/12,52.64166667
10/12/12,49.77916667
10/13/12,46.25833333
10/14/12,60.81666667
10/15/12,64.08
10/16/12,54.0875
10/17/12,52.57083333
10/18/12,58.28888889
10/19/12,63.55806452
10/20/12,61.20882353
10/21/12,-345.676
10/22/12,58.56956522
10/23/12,58.44347826
10/24/12,57.11142857
10/25/12,57.95357143
10/26/12,61.216
10/27/12,61.734375
10/28/12,57.104
10/29/12,57.44146341
10/30/12,52.0173913
10/31/12,46.521875
11/1/12,47.30833333
11/2/12,47.2625
11/3/12,44.40833333
11/4/12,43.4
11/5/12,39.92083333
11/6/12,36.8
11/7/12,34.71621622
11/8/12,37.68571429
11/9/12,44.1625
11/10/12,49.01666667
11/11/12,55.71666667
11/12/12,56.68484848
11/13/12,48.27878788
11/14/12,41.2625
11/15/12,40.29166667
11/16/12,41.19166667
11/17/12,44.60416667
11/18/12,43.4875
11/19/12,43.23529412
11/20/12,44.6
11/21/12,46.375
11/22/12,47.27692308
11/23/12,49.2375
11/24/12,40.67083333
11/25/12,36.50833333
11/26/12,41.55833333
11/27/12,36.88695652
11/28/12,36.50769231
11/29/12,38.4625
11/30/12,41.524
12/1/12,38.40967742
12/2/12,45.37179487
12/3/12,53.96666667
12/4/12,52.3875
12/5/12,49.128
12/6/12,-366.424
12/7/12,-172.2744681
12/8/12,46.5575
12/9/12,-498.3972973
12/10/12,-311.4654545
12/11/12,-313.5392857
12/12/12,39.55769231
12/13/12,40.37916667
12/14/12,42.18333333
12/15/12,42.65
12/16/12,43.96904762
12/17/12,41.85517241
12/18/12,47.2
12/19/12,42.89583333
12/20/12,40.67037037
12/21/12,47.48571429
12/22/12,-297.7133333
12/23/12,38.2875
12/24/12,35.56666667
12/25/12,36.72619048
12/26/12,33.5744186
12/27/12,36.03409091
12/28/12,32.296
12/29/12,31.91590909
12/30/12,30.944
12/31/12,33.4
1/1/13,35.99166667
1/2/13,27.46086957
1/3/13,28.60416667
1/4/13,34.175
1/5/13,36.54583333
1/6/13,38.64482759
1/7/13,40.48333333
1/8/13,41.32916667
1/9/13,44.5
1/10/13,43.3625
1/11/13,41.77575758
1/12/13,44.04444444
1/13/13,46.17916667
1/14/13,51.24285714
1/15/13,36.77083333
1/16/13,33.9972973
1/17/13,39.4375
1/18/13,28.42916667
1/19/13,40.66666667
1/20/13,42.8125
1/21/13,-372.188
1/22/13,19.41666667
1/23/13,14.5375
1/24/13,17.04166667
1/25/13,18.41081081
1/26/13,20.37083333
1/27/13,26.47083333
1/28/13,32.98611111
1/29/13,41.54848485
1/30/13,48.49142857
1/31/13,47.84117647
2/1/13,27.97083333
2/2/13,24.14516129
2/3/13,26.75714286
2/4/13,27.02173913
2/5/13,29.64516129
2/6/13,33.375
2/7/13,29.45925926
2/8/13,31.8755102
2/9/13,27.49444444
2/10/13,27.1
2/11/13,41.35882353
2/12/13,40.81666667
2/13/13,37.54642857
2/14/13,37.8
2/15/13,43.9
2/16/13,35.37666667
2/17/13,26.27083333
2/18/13,26.4375
2/19/13,41.57142857
2/20/13,30.57083333
2/21/13,27.75833333
2/22/13,32.42083333
2/23/13,38.01333333
2/24/13,38.6974359
2/25/13,38.7875
2/26/13,38.84230769
2/27/13,41.3234375
2/28/13,44.51153846
3/1/13,39.40833333
3/2/13,-336.4851852
3/3/13,32.30833333
3/4/13,33.632
3/5/13,39.58333333
3/6/13,39.47931034
3/7/13,35.02142857
3/8/13,34.32093023
3/9/13,44.70833333
3/10/13,40.13214286
3/11/13,46.23714286
3/12/13,50.89795918
3/13/13,43.65416667
3/14/13,34.5625
3/15/13,37.7375
3/16/13,34.42291667
3/17/13,-367.832
3/18/13,31.54333333
3/19/13,37.49655172
3/20/13,38.53333333
3/21/13,34.46666667
3/22/13,34.72916667
3/23/13,38.64166667
3/24/13,39.34166667
3/25/13,37.753125
3/26/13,43.43333333
3/27/13,43.58333333
3/28/13,43.75416667
3/29/13,46.75833333
3/30/13,48.62083333
3/31/13,48.45769231
4/1/13,47.84375
4/2/13,37.67916667
4/3/13,-363.248
4/4/13,41.21666667
4/5/13,49.24166667
4/6/13,42.34583333
4/7/13,48.10416667
4/8/13,59.35
4/9/13,68.1375
4/10/13,61.70333333
4/11/13,55.3
4/12/13,42.72045455
4/13/13,46.43
4/14/13,52.20833333
4/15/13,49.5625
4/16/13,56.24230769
4/17/13,61.98461538
4/18/13,54.69642857
4/19/13,61.48717949
4/20/13,53.69642857
4/21/13,45.20833333
4/22/13,47.73333333
4/23/13,45.215625
4/24/13,53.87083333
4/25/13,56.1125
4/26/13,57.55
4/27/13,58.02916667
4/28/13,58.60833333
4/29/13,54.66538462
4/30/13,57.83333333
5/1/13,56.7625
5/2/13,59.7625
5/3/13,55.20416667
5/4/13,54.63333333
5/5/13,51.81481481
5/6/13,56.28387097
5/7/13,62.72666667
5/8/13,58.99714286
5/9/13,58.96666667
5/10/13,67.26666667
5/11/13,63.7825
5/12/13,61.125
5/13/13,50.7
5/14/13,52.30416667
5/15/13,60.12083333
5/16/13,69.90833333
5/17/13,65.41666667
5/18/13,60.15833333
5/19/13,57.05862069
5/20/13,65.7375
5/21/13,76.60416667
5/22/13,70.00285714
5/23/13,69.69090909
5/24/13,56.68431373
5/25/13,48.55555556
5/26/13,56.69166667
5/27/13,62.96666667
5/28/13,59.11578947
5/29/13,67.41714286
5/30/13,81.8875
5/31/13,82.7625
6/1/13,80.49130435
6/2/13,78.6962963
6/3/13,70.312
6/4/13,66.075
6/5/13,64.88333333
6/6/13,63.24516129
6/7/13,60.89857143
6/8/13,64.53823529
6/9/13,71.91666667
6/10/13,65.51451613
6/11/13,69.61463415
6/12/13,70.53333333
6/13/13,62.98947368
6/14/13,59.09736842
6/15/13,70.91666667
6/16/13,73
6/17/13,75.21153846
6/18/13,69.4675
6/19/13,66.86206897
6/20/13,70.00416667
6/21/13,71.7125
6/22/13,72.45833333
6/23/13,76.9375
6/24/13,80.52307692
6/25/13,81.2625
6/26/13,78.368
6/27/13,76.771875
6/28/13,76.9030303
6/29/13,75.75
6/30/13,76.34166667
7/1/13,73.806
7/2/13,75.35666667
7/3/13,76.59210526
7/4/13,79.634375
7/5/13,82.15925926
7/6/13,84.99166667
7/7/13,85.05
7/8/13,79.55357143
7/9/13,78.76071429
7/10/13,80.26285714
7/11/13,79.76538462
7/12/13,72.46388889
7/13/13,73.30833333
7/14/13,79.87567568
7/15/13,85.46666667
7/16/13,86.1
7/17/13,86.25833333
7/18/13,89.14583333
7/19/13,88.9875
7/20/13,85.61666667
7/21/13,81.12592593
7/22/13,78.00789474
7/23/13,77.7673913
7/24/13,77.36666667
7/25/13,66.22758621
7/26/13,73.52
7/27/13,74.6375
7/28/13,72.9625
7/29/13,74.83666667
7/30/13,74.05
7/31/13,74.17916667
8/1/13,69.64791667
8/2/13,73.60294118
8/3/13,72.62083333
8/4/13,73.00833333
8/5/13,70.16666667
8/6/13,72.15416667
8/7/13,73.58181818
8/8/13,73.792
8/9/13,77.47931034
8/10/13,76.84166667
8/11/13,73.04166667
8/12/13,74.22692308
8/13/13,72.03157895
8/14/13,67.69583333
8/15/13,68.66086957
8/16/13,71.29130435
8/17/13,72.74583333
8/18/13,71.825
8/19/13,72.57916667
8/20/13,77.7625
8/21/13,79.89583333
8/22/13,74.30810811
8/23/13,75.42083333
8/24/13,71.35652174
8/25/13,73.85217391
8/26/13,75.34347826
8/27/13,77.35185185
8/28/13,74.50232558
8/29/13,73.21111111
8/30/13,75.79310345
8/31/13,78.50357143
9/1/13,78.64242424
9/2/13,76.78292683
9/3/13,74.625
9/4/13,73.06666667
9/5/13,71.70869565
9/6/13,64.04583333
9/7/13,69.44166667
9/8/13,-347.1375
9/9/13,65.44166667
9/10/13,76.29393939
9/11/13,84.875
9/12/13,76.73714286
9/13/13,68.65416667
9/14/13,59.42083333
9/15/13,61.7625
9/16/13,64.47692308
9/17/13,56.75833333
9/18/13,60.68333333
9/19/13,64.97083333
9/20/13,67.72083333
9/21/13,68.65333333
9/22/13,63.96857143
9/23/13,57.26666667
9/24/13,59.7125
9/25/13,62.35
9/26/13,62.85
9/27/13,61.82307692
9/28/13,64.21666667
9/29/13,63.48965517
9/30/13,63.77083333
10/1/13,69.35833333
10/2/13,73.4875
10/3/13,70.79166667
10/4/13,73.80416667
10/5/13,68.95806452
10/6/13,67.72432432
10/7/13,68.60222222
10/8/13,60.50833333
10/9/13,58.23846154
10/10/13,58.85294118
10/11/13,63.7325
10/12/13,64.4
10/13/13,59.50344828
10/14/13,57.32580645
10/15/13,60.2875
10/16/13,61.62195122
10/17/13,65.67222222
10/18/13,62.73846154
10/19/13,58.83571429
10/20/13,56.84814815
10/21/13,57.85833333
10/22/13,59.0375
10/23/13,50.49166667
10/24/13,47.19166667
10/25/13,46.58333333
10/26/13,48.5375
10/27/13,51.9125
10/28/13,52.04583333
10/29/13,49.5
10/30/13,54.23
10/31/13,61.06
11/1/13,65.75
11/2/13,60.10833333
11/3/13,46.6125
11/4/13,40.21666667
11/5/13,48.775
11/6/13,55.19615385
11/7/13,55.88823529
11/8/13,44.47083333
11/9/13,44.7125
11/10/13,49.82083333
11/11/13,-353.188
11/12/13,38.10666667
11/13/13,33.7625
11/14/13,43.22916667
11/15/13,50.7875
11/16/13,52.1
11/17/13,56.56938776
11/18/13,59.81142857
11/19/13,43.57916667
11/20/13,37.4375
11/21/13,45.71785714
11/22/13,53.35454545
11/23/13,40.25
11/24/13,25.80833333
11/25/13,29.19166667
11/26/13,38.10322581
11/27/13,50.43818182
11/28/13,32.175
11/29/13,33.42083333
11/30/13,32.768
12/1/13,-252.9382353
12/2/13,44.35416667
12/3/13,45.25
12/4/13,46.812
12/5/13,54.0675
12/6/13,47.34468085
12/7/13,37.06764706
12/8/13,30.78
12/9/13,35.51111111
12/10/13,33.99555556
12/11/13,30.06666667
12/12/13,25.45
12/13/13,29.89166667
12/14/13,26.736
12/15/13,34.73571429
12/16/13,28.49565217
12/17/13,27.52745098
12/18/13,29.84074074
12/19/13,39.07083333
12/20/13,48.11666667
12/21/13,57.70833333
12/22/13,65.8
12/23/13,-157.4957447
12/24/13,35.46666667
12/25/13,24.775
12/26/13,32.64137931
12/27/13,35.85833333
12/28/13,45.33333333
12/29/13,43.3
12/30/13,36.75769231
12/31/13,26.59166667
1/1/14,29.0625
1/2/14,26.48076923
1/3/14,12.90416667
1/4/14,20.39545455
1/5/14,32.0027027
1/6/14,43.2
1/7/14,8.295833333
1/8/14,15.52083333
1/9/14,26.83913043
1/10/14,33.97368421
1/11/14,50.78
1/12/14,46
1/13/14,44.56521739
1/14/14,47.65652174
1/15/14,41.46818182
1/16/14,38.26666667
1/17/14,38.51666667
1/18/14,35.19090909
1/19/14,30.82307692
1/20/14,39.05
1/21/14,20.225
1/22/14,12.275
1/23/14,14
1/24/14,14.9
1/25/14,23.45652174
1/26/14,22.71818182
1/27/14,33.33333333
1/28/14,16.63043478
1/29/14,17.72083333
1/30/14,22.82916667
1/31/14,32.90833333
2/1/14,40.05652174
2/2/14,-372.6041667
2/3/14,32.24814815
2/4/14,28.72916667
2/5/14,31.925
2/6/14,26.20434783
2/7/14,28.09583333
2/8/14,25.25416667
2/9/14,25.93902439
2/10/14,24.59166667
2/11/14,20.8375
2/12/14,20.31481481
2/13/14,32.05531915
2/14/14,35.13235294
2/15/14,33.69459459
2/16/14,25.04285714
2/17/14,24.93181818
2/18/14,32.35625
2/19/14,40.64482759
2/20/14,41.44285714
2/21/14,39.52285714
2/22/14,47.36666667
2/23/14,48.0875
2/24/14,35.30833333
2/25/14,28.0375
2/26/14,26.24242424
2/27/14,24.00416667
2/28/14,17.02083333
3/1/14,30.25416667
3/2/14,36.89
3/3/14,22.34285714
3/4/14,21.9
3/5/14,31.325
3/6/14,24.15416667
3/7/14,32.22413793
3/8/14,43.96296296
3/9/14,39.85833333
3/10/14,42.5037037
3/11/14,55.75833333
3/12/14,50.47435897
3/13/14,23.788
3/14/14,33.725
3/15/14,50.95416667
3/16/14,34.34166667
3/17/14,29
3/18/14,34.30416667
3/19/14,40.07297297
3/20/14,44.21025641
3/21/14,44.31666667
3/22/14,50.5
3/23/14,38.11666667
3/24/14,27.775
3/25/14,33.0875
3/26/14,31.87083333
3/27/14,32.5875
3/28/14,52.23448276
3/29/14,46.88108108
3/30/14,45.01612903
3/31/14,42.62258065
4/1/14,47.35
4/2/14,48.09565217
4/3/14,53.52083333
4/4/14,42.25714286
4/5/14,45.42068966
4/6/14,45.95416667
4/7/14,45.8525
4/8/14,52.79761905
4/9/14,51.64583333
4/10/14,51.7
4/11/14,62.87083333
4/12/14,59.85714286
4/13/14,62.86785714
4/14/14,66.54583333
4/15/14,51.84642857
4/16/14,38.53793103
4/17/14,41.425
4/18/14,41.86
4/19/14,54.92916667
4/20/14,50.42916667
4/21/14,53.02083333
4/22/14,60.64166667
4/23/14,53.44074074
4/24/14,51.775
4/25/14,52.16666667
4/26/14,50.8
4/27/14,52.3
4/28/14,55.01666667
4/29/14,47.43333333
4/30/14,45.27464789
5/1/14,60.94255319
5/2/14,62.2
5/3/14,60.25384615
5/4/14,57.92083333
5/5/14,58.9625
5/6/14,61.24285714
5/7/14,59
5/8/14,54.97333333
5/9/14,59.20416667
5/10/14,64.52666667
5/11/14,70.8875
5/12/14,74.32083333
5/13/14,65.15833333
5/14/14,59.15806452
5/15/14,62.90851064
5/16/14,65.23243243
5/17/14,61.404
5/18/14,59.33333333
5/19/14,61.13636364
5/20/14,67.82916667
5/21/14,68.63333333
5/22/14,61.24791667
5/23/14,60.74339623
5/24/14,59.95681818
5/25/14,66.86538462
5/26/14,76.15833333
5/27/14,77.89166667
5/28/14,58.07692308
5/29/14,55.89
5/30/14,64.44583333
5/31/14,63.32692308
6/1/14,65.8875
6/2/14,71.09583333
6/3/14,73.471875
6/4/14,69.565625
6/5/14,65.88653846
6/6/14,67.70416667
6/7/14,72.05217391
6/8/14,75.025
6/9/14,65.16393443
6/10/14,70.53953488
6/11/14,65.94166667
6/12/14,66.17073171
6/13/14,68.33148148
6/14/14,68.14651163
6/15/14,69.4875
6/16/14,72.14583333
6/17/14,79.60833333
6/18/14,83.16666667
6/19/14,72.86296296
6/20/14,72.3125
6/21/14,69.29166667
6/22/14,70.1
6/23/14,72.125
6/24/14,73.325
6/25/14,76.29
6/26/14,75.65405405
6/27/14,73.23793103
6/28/14,74.74583333
6/29/14,74.76666667
6/30/14,76.11666667
7/1/14,79.9
7/2/14,78.5
7/3/14,75.306
7/4/14,70.1255814
7/5/14,72.44583333
7/6/14,76.34166667
7/7/14,80.9375
7/8/14,79.38275862
7/9/14,77.02857143
7/10/14,75.49583333
7/11/14,76.50416667
7/12/14,76.55
7/13/14,76.34814815
7/14/14,74.7255814
7/15/14,74.50545455
7/16/14,73.11219512
7/17/14,73.45833333
7/18/14,72.99166667
7/19/14,71.92272727
7/20/14,71.82083333
7/21/14,74.18
7/22/14,77.7625
7/23/14,78.61153846
7/24/14,74.75925926
7/25/14,73.224
7/26/14,74.15833333
7/27/14,77.41153846
7/28/14,73.77777778
7/29/14,69.43333333
7/30/14,71.29583333
7/31/14,73.856
8/1/14,75.35833333
8/2/14,68.72972973
8/3/14,69.37391304
8/4/14,74.896875
8/5/14,78.79166667
8/6/14,75.75
8/7/14,74.21666667
8/8/14,73.59583333
8/9/14,76.06086957
8/10/14,77.7125
8/11/14,76.975
8/12/14,73.63243243
8/13/14,72.056
8/14/14,70.62916667
8/15/14,67.475
8/16/14,71.25217391
8/17/14,73.6
8/18/14,71.89583333
8/19/14,71.89230769
8/20/14,75.34583333
8/21/14,73.3
8/22/14,69.99375
8/23/14,69.66774194
8/24/14,70.72
8/25/14,75.97916667
8/26/14,76.8875
8/27/14,79.45
8/28/14,74.776
8/29/14,69.4125
8/30/14,72.42592593
8/31/14,76.7
9/1/14,80.12083333
9/2/14,83.9875
9/3/14,78.25416667
9/4/14,77.90833333
9/5/14,78.19642857
9/6/14,79.49666667
9/7/14,71.16071429
9/8/14,69.775
9/9/14,68.51
9/10/14,68.4030303
9/11/14,73.93714286
9/12/14,67.54642857
9/13/14,63.7
9/14/14,60.85
9/15/14,63.09166667
9/16/14,62.4952381
9/17/14,64.26666667
9/18/14,66.15
9/19/14,60.34615385
9/20/14,66.5483871
9/21/14,70.04181818
9/22/14,65.29259259
9/23/14,60.9875
9/24/14,64.55
9/25/14,60.61212121
9/26/14,67.29583333
9/27/14,71.53333333
9/28/14,73.10416667
9/29/14,72.3
9/30/14,67.51
10/1/14,64.14347826
10/2/14,63.48214286
10/3/14,62.61333333
10/4/14,64.40408163
10/5/14,52.5625
10/6/14,60.19166667
10/7/14,66.736
10/8/14,66.0125
10/9/14,62.10416667
10/10/14,58.31666667
10/11/14,53.25454545
10/12/14,54.6625
10/13/14,60.89444444
10/14/14,69.01923077
10/15/14,71.47272727
10/16/14,67.80638298
10/17/14,64.7875
10/18/14,62.7625
10/19/14,51.2125
10/20/14,51.40833333
10/21/14,60.42702703
10/22/14,53.83461538
10/23/14,51.57692308
10/24/14,55.62083333
10/25/14,58.63043478
10/26/14,57.44583333
10/27/14,56.38333333
10/28/14,61.65833333
10/29/14,62.58333333
10/30/14,51.87083333
10/31/14,50.25769231
11/1/14,45.29615385
11/2/14,43.864
11/3/14,50.39166667
11/4/14,60.9
11/5/14,59.4125
11/6/14,50.274
11/7/14,47.09615385
11/8/14,43.02083333
11/9/14,50.4625
11/10/14,52.82083333
11/11/14,58.62222222
11/12/14,58.73673469
11/13/14,42.04
11/14/14,37.95806452
11/15/14,37.23333333
11/16/14,41.1
11/17/14,44.33194444
11/18/14,30.9125
11/19/14,28.20416667
11/20/14,38.63333333
11/21/14,31.56666667
11/22/14,36.82083333
11/23/14,49.52916667
11/24/14,60.99268293
11/25/14,57.00833333
11/26/14,38.11219512
11/27/14,36.23777778
11/28/14,32.19583333
11/29/14,33.925
11/30/14,50.1625
12/1/14,53.30769231
12/2/14,39.415625
12/3/14,44.005
12/4/14,40.02083333
12/5/14,40.52894737
12/6/14,44.33064516
12/7/14,36.532
12/8/14,30.34482759
12/9/14,39.772
12/10/14,35.72222222
12/11/14,33.93103448
12/12/14,34.73461538
12/13/14,38.18571429
12/14/14,41.10769231
12/15/14,41.81666667
12/16/14,44.525
12/17/14,46.425
12/18/14,39.45
12/19/14,34.93076923
12/20/14,31.75384615
12/21/14,33.14137931
12/22/14,39.71612903
12/23/14,44.66730769
12/24/14,48.255
12/25/14,52.37666667
12/26/14,44.55833333
12/27/14,49.01666667
12/28/14,48.05769231
12/29/14,39.35833333
12/30/14,30.9375
12/31/14,29.55416667
1/1/15,33.10833333
1/2/15,38.44583333
1/3/15,36.67692308
1/4/15,47.048
1/5/15,35.03333333
1/6/15,20.3425
1/7/15,18.55833333
1/8/15,14.5
1/9/15,25.60588235
1/10/15,19.67916667
1/11/15,29.31666667
1/12/15,37.04565217
1/13/15,26.53703704
1/14/15,24.83783784
1/15/15,29.85
1/16/15,31.48333333
1/17/15,23.95
1/18/15,38.09019608
1/19/15,38.84583333
1/20/15,36.62083333
1/21/15,31.30833333
1/22/15,33.41891892
1/23/15,33.50833333
1/24/15,34.79791667
1/25/15,37.0125
1/26/15,25.01346154
1/27/15,23.58780488
1/28/15,24.61666667
1/29/15,28.75357143
1/30/15,32.10769231
1/31/15,19.49583333
2/1/15,31.078125
2/2/15,27.76896552
2/3/15,19.90416667
2/4/15,34.85416667
2/5/15,28.3625
2/6/15,19.925
2/7/15,31.65172414
2/8/15,34.378125
2/9/15,26.72592593
2/10/15,30.01612903
2/11/15,27.8625
2/12/15,32.13225806
2/13/15,14.90416667
2/14/15,26.99534884
2/15/15,-318.0233333
2/16/15,12.79583333
2/17/15,19.4902439
2/18/15,26.27741935
2/19/15,17.36666667
2/20/15,10.79583333
2/21/15,25.6625
2/22/15,34.69545455
2/23/15,22.13333333
2/24/15,14.95833333
2/25/15,29.61666667
2/26/15,24.63703704
2/27/15,23.28695652
2/28/15,22.175
3/1/15,27.15531915
3/2/15,32.46875
3/3/15,30.03947368
3/4/15,39.3125
3/5/15,26.64727273
3/6/15,19.744
3/7/15,29.26666667
3/8/15,42.61666667
3/9/15,47.37083333
3/10/15,46.075
3/11/15,48.78285714
3/12/15,43.21666667
3/13/15,37.8
3/14/15,44.98780488
3/15/15,41.46538462
3/16/15,42.75833333
3/17/15,47.275
3/18/15,33.25416667
3/19/15,35.14166667
3/20/15,32.7030303
3/21/15,34.91666667
3/22/15,36.61666667
3/23/15,30.46666667
3/24/15,34.88333333
3/25/15,40.6137931
3/26/15,49.42807018
3/27/15,42.16511628
3/28/15,34.88076923
3/29/15,35.31666667
3/30/15,43.13571429
3/31/15,39.02368421
4/1/15,41.10416667
4/2/15,54.00416667
4/3/15,61.534375
4/4/15,51.40645161
4/5/15,50.26666667
4/6/15,52.39166667
4/7/15,51.19666667
4/8/15,41.12333333
4/9/15,39.54545455
4/10/15,45.55909091
4/11/15,52.7625
4/12/15,52.2875
4/13/15,59.27083333
4/14/15,60.11071429
4/15/15,61.3
4/16/15,57.00416667
4/17/15,61.409375
4/18/15,68.45
4/19/15,55.40833333
4/20/15,52.424
4/21/15,55.96410256
4/22/15,56.825
4/23/15,45.27083333
4/24/15,43.1625
4/25/15,48.78333333
4/26/15,54.5375
4/27/15,54.58333333
4/28/15,60.50416667
4/29/15,63.19583333
4/30/15,55.14230769
5/1/15,53.0125
5/2/15,55.41538462
5/3/15,63.67916667
5/4/15,71.53333333
5/5/15,73.43333333
5/6/15,66.38333333
5/7/15,66.07083333
5/8/15,65.99285714
5/9/15,62.09736842
5/10/15,70.109375
5/11/15,73.9972973
5/12/15,74.97241379
5/13/15,61.44583333
5/14/15,61.04166667
5/15/15,63.475
5/16/15,65.39142857
5/17/15,70.87083333
5/18/15,64.23684211
5/19/15,65.13428571
5/20/15,59.575
5/21/15,56.436
5/22/15,63.61666667
5/23/15,58.43333333
5/24/15,67.99583333
5/25/15,74.72916667
5/26/15,76.08333333
5/27/15,75.36785714
5/28/15,76.36785714
5/29/15,72.0375
5/30/15,75.10384615
5/31/15,71.61428571
6/1/15,55.86857143